@09b407a4-f86b-4ab8-9984-821c630101e2_c9d44752_29_trimmed_filtered	d:Fungi(1.00),p:Ascomycota(0.82),c:Pezizomycetes(0.45),o:Pezizales(0.45),f:Helvellaceae(0.38),g:Helvella(0.38),s:Helvella_macrosperma(0.14)	+	d:Fungi,p:Ascomycota
@cf2c3be1-14e9-433b-b264-e819e39d6d03_c9d44752_0_trimmed_filtered	d:Fungi(1.00),p:Basidiomycota(1.00),c:Cystobasidiomycetes(1.00),o:Cystobasidiomycetes_ord_Incertae_sedis(0.93),f:Symmetrosporaceae(0.93),g:Symmetrospora(0.93),s:Symmetrospora_marina(0.78)	+	d:Fungi,p:Basidiomycota,c:Cystobasidiomycetes,o:Cystobasidiomycetes_ord_Incertae_sedis,f:Symmetrosporaceae,g:Symmetrospora
@cfe974d6-058a-4251-b0af-6d86a2d1538f_c9d44752_4_trimmed_filtered	d:Fungi(1.00),p:Basidiomycota(0.80),c:Tremellomycetes(0.69),o:Tremellales(0.45),f:Bulleribasidiaceae(0.45),g:Derxomyces(0.34),s:Derxomyces_hainanensis(0.29)	+	d:Fungi,p:Basidiomycota
@7d111a45-08cb-48f4-b4f1-11b0c9fdb45c_c9d44752_22_trimmed_filtered	d:Fungi(1.00),p:Ascomycota(1.00),c:Eurotiomycetes(1.00),o:Eurotiales(1.00),f:Aspergillaceae(1.00),g:Penicillium(1.00),s:Penicillium_christenseniae(0.63)	+	d:Fungi,p:Ascomycota,c:Eurotiomycetes,o:Eurotiales,f:Aspergillaceae,g:Penicillium
